{
  "v": "5.7.4",
  "fr": 30,
  "ip": 0,
  "op": 90,
  "w": 200,
  "h": 200,
  "nm": "Company Logo Animation",
  "ddd": 0,
  "assets": [],
  "layers": [
    {
      "ddd": 0,
      "ind": 1,
      "ty": 4,
      "nm": "Logo Shape",
      "sr": 1,
      "ks": {
        "o": { "a": 0, "k": 100 },
        "r": {
          "a": 1,
          "k": [
            { "i": { "x": [0.833], "y": [0.833] }, "o": { "x": [0.167], "y": [0.167] }, "t": 0, "s": [0] },
            { "t": 90, "s": [360] }
          ]
        },
        "p": { "a": 0, "k": [100, 100, 0] },
        "a": { "a": 0, "k": [0, 0, 0] },
        "s": {
          "a": 1,
          "k": [
            { "i": { "x": [0.667, 0.667, 0.667], "y": [1, 1, 1] }, "o": { "x": [0.333, 0.333, 0.333], "y": [0, 0, 0] }, "t": 0, "s": [100, 100, 100] },
            { "i": { "x": [0.667, 0.667, 0.667], "y": [1, 1, 1] }, "o": { "x": [0.333, 0.333, 0.333], "y": [0, 0, 0] }, "t": 45, "s": [120, 120, 100] },
            { "t": 90, "s": [100, 100, 100] }
          ]
        }
      },
      "ao": 0,
      "shapes": [
        {
          "ty": "gr",
          "it": [
            {
              "ty": "sh",
              "d": 1,
              "ks": {
                "a": 0,
                "k": {
                  "i": [[0, -27.614], [27.614, 0], [0, 27.614], [-27.614, 0]],
                  "o": [[0, 27.614], [-27.614, 0], [0, -27.614], [27.614, 0]],
                  "v": [[50, 0], [0, 50], [-50, 0], [0, -50]],
                  "c": true
                }
              }
            },
            {
              "ty": "fl",
              "c": { "a": 0, "k": [0.18, 0.545, 0.341, 1] },
              "o": { "a": 0, "k": 100 }
            }
          ]
        }
      ],
      "ip": 0,
      "op": 90,
      "st": 0
    }
  ]
}